<?xml version="1.0" encoding="UTF-8"?><?xml-stylesheet type='text/xsl' href='_UpgradeReport_Files/UpgradeReport.xslt'?><UpgradeLog>
<Properties><Property Name="Solution" Value="LLConcurrencyTest">
</Property><Property Name="Solution File" Value="C:\LRS\C#\LLConcurrencyTest\LLConcurrencyTest.sln">
</Property><Property Name="User Options File" Value="C:\LRS\C#\LLConcurrencyTest\LLConcurrencyTest.suo">
</Property><Property Name="Date" Value="Tuesday, January 29, 2008">
</Property><Property Name="Time" Value="18:01 PM">
</Property></Properties><Event ErrorLevel="0" Project="" Source="LLConcurrencyTest.sln" Description="File successfully backed up as C:\LRS\C#\LLConcurrencyTest\Backup\LLConcurrencyTest.sln">
</Event><Event ErrorLevel="0" Project="" Source="LLConcurrencyTest.suo" Description="File successfully backed up as C:\LRS\C#\LLConcurrencyTest\Backup\LLConcurrencyTest.suo">
</Event><Event ErrorLevel="0" Project="LLConcurrencyTest" Source="LLConcurrencyTest.csproj" Description="Project file successfully backed up as C:\LRS\C#\LLConcurrencyTest\Backup\LLConcurrencyTest.csproj">
</Event><Event ErrorLevel="0" Project="LLConcurrencyTest" Source="ImporterDefinition.cs" Description="File successfully backed up as C:\LRS\C#\LLConcurrencyTest\Backup\ImporterDefinition.cs">
</Event><Event ErrorLevel="0" Project="LLConcurrencyTest" Source="ImporterDefinition.Designer.cs" Description="File successfully backed up as C:\LRS\C#\LLConcurrencyTest\Backup\ImporterDefinition.Designer.cs">
</Event><Event ErrorLevel="0" Project="LLConcurrencyTest" Source="ImportThreadInfo.cs" Description="File successfully backed up as C:\LRS\C#\LLConcurrencyTest\Backup\ImportThreadInfo.cs">
</Event><Event ErrorLevel="0" Project="LLConcurrencyTest" Source="LLConcurrencyTest.cs" Description="File successfully backed up as C:\LRS\C#\LLConcurrencyTest\Backup\LLConcurrencyTest.cs">
</Event><Event ErrorLevel="0" Project="LLConcurrencyTest" Source="Form1.Designer.cs" Description="File successfully backed up as C:\LRS\C#\LLConcurrencyTest\Backup\Form1.Designer.cs">
</Event><Event ErrorLevel="0" Project="LLConcurrencyTest" Source="LLWS1.cs" Description="File successfully backed up as C:\LRS\C#\LLConcurrencyTest\Backup\LLWS1.cs">
</Event><Event ErrorLevel="0" Project="LLConcurrencyTest" Source="Program.cs" Description="File successfully backed up as C:\LRS\C#\LLConcurrencyTest\Backup\Program.cs">
</Event><Event ErrorLevel="0" Project="LLConcurrencyTest" Source="Properties\AssemblyInfo.cs" Description="File successfully backed up as C:\LRS\C#\LLConcurrencyTest\Backup\Properties\AssemblyInfo.cs">
</Event><Event ErrorLevel="0" Project="LLConcurrencyTest" Source="Properties\Resources.Designer.cs" Description="File successfully backed up as C:\LRS\C#\LLConcurrencyTest\Backup\Properties\Resources.Designer.cs">
</Event><Event ErrorLevel="0" Project="LLConcurrencyTest" Source="Properties\Settings.Designer.cs" Description="File successfully backed up as C:\LRS\C#\LLConcurrencyTest\Backup\Properties\Settings.Designer.cs">
</Event><Event ErrorLevel="0" Project="LLConcurrencyTest" Source="ImporterStatusControl.cs" Description="File successfully backed up as C:\LRS\C#\LLConcurrencyTest\Backup\ImporterStatusControl.cs">
</Event><Event ErrorLevel="0" Project="LLConcurrencyTest" Source="ImporterStatusControl.Designer.cs" Description="File successfully backed up as C:\LRS\C#\LLConcurrencyTest\Backup\ImporterStatusControl.Designer.cs">
</Event><Event ErrorLevel="0" Project="LLConcurrencyTest" Source="Properties\Settings.settings" Description="File successfully backed up as C:\LRS\C#\LLConcurrencyTest\Backup\Properties\Settings.settings">
</Event><Event ErrorLevel="0" Project="LLConcurrencyTest" Source="ImporterDefinition.resx" Description="File successfully backed up as C:\LRS\C#\LLConcurrencyTest\Backup\ImporterDefinition.resx">
</Event><Event ErrorLevel="0" Project="LLConcurrencyTest" Source="LLConcurrencyTest.resx" Description="File successfully backed up as C:\LRS\C#\LLConcurrencyTest\Backup\LLConcurrencyTest.resx">
</Event><Event ErrorLevel="0" Project="LLConcurrencyTest" Source="Properties\Resources.resx" Description="File successfully backed up as C:\LRS\C#\LLConcurrencyTest\Backup\Properties\Resources.resx">
</Event><Event ErrorLevel="0" Project="LLConcurrencyTest" Source="ImporterStatusControl.resx" Description="File successfully backed up as C:\LRS\C#\LLConcurrencyTest\Backup\ImporterStatusControl.resx">
</Event><Event ErrorLevel="0" Project="LLConcurrencyTest" Source="LLConcurrencyTest.csproj" Description="Project converted successfully">
</Event><Event ErrorLevel="3" Project="LLConcurrencyTest" Source="LLConcurrencyTest.csproj" Description="Converted">
</Event><Event ErrorLevel="0" Project="" Source="LLConcurrencyTest.sln" Description="Solution converted successfully">
</Event><Event ErrorLevel="3" Project="" Source="LLConcurrencyTest.sln" Description="Converted">
</Event><Event ErrorLevel="0" Project="LLConcurrencyTest" Source="LLConcurrencyTest.csproj" Description="Scan complete: Upgrade not required for project files.">
</Event></UpgradeLog>