<?xml version="1.0" encoding="UTF-8"?><?xml-stylesheet type='text/xsl' href='_UpgradeReport_Files/UpgradeReport.xslt'?><UpgradeLog>
<Properties><Property Name="Solution" Value="Zune2">
</Property><Property Name="Solution File" Value="C:\LRS\C#\Zune2\Zune2.sln">
</Property><Property Name="Date" Value="Friday, March 07, 2008">
</Property><Property Name="Time" Value="2:21 AM">
</Property></Properties><Event ErrorLevel="0" Project="Zune2" Source="Zune2.csproj" Description="Project converted successfully">
</Event><Event ErrorLevel="3" Project="Zune2" Source="Zune2.csproj" Description="Converted">
</Event><Event ErrorLevel="0" Project="" Source="Zune2.sln" Description="Solution converted successfully">
</Event><Event ErrorLevel="3" Project="" Source="Zune2.sln" Description="Converted">
</Event><Event ErrorLevel="0" Project="Zune2" Source="Zune2.csproj" Description="Scan complete: Upgrade not required for project files.">
</Event></UpgradeLog>