<?xml version="1.0" encoding="UTF-8"?><?xml-stylesheet type='text/xsl' href='_UpgradeReport_Files/UpgradeReport.xslt'?><UpgradeLog>
<Properties><Property Name="Solution" Value="TestLLImporter">
</Property><Property Name="Solution File" Value="C:\LRS\C#\TestLLImporter\TestLLImporter.sln">
</Property><Property Name="User Options File" Value="C:\LRS\C#\TestLLImporter\TestLLImporter.suo">
</Property><Property Name="Date" Value="Wednesday, September 17, 2008">
</Property><Property Name="Time" Value="11:37 AM">
</Property></Properties><Event ErrorLevel="0" Project="" Source="TestLLImporter.sln" Description="File successfully backed up as C:\LRS\C#\TestLLImporter\Backup\TestLLImporter.sln">
</Event><Event ErrorLevel="0" Project="" Source="TestLLImporter.suo" Description="File successfully backed up as C:\LRS\C#\TestLLImporter\Backup\TestLLImporter.suo">
</Event><Event ErrorLevel="0" Project="TestLLImporter" Source="TestLLImporter\TestLLImporter.csproj" Description="Project file successfully backed up as C:\LRS\C#\TestLLImporter\Backup\TestLLImporter\TestLLImporter.csproj">
</Event><Event ErrorLevel="0" Project="TestLLImporter" Source="TestLLImporter\TestLLImporter.csproj.user" Description="Project user file successfully backed up as C:\LRS\C#\TestLLImporter\Backup\TestLLImporter\TestLLImporter.csproj.user">
</Event><Event ErrorLevel="0" Project="TestLLImporter" Source="TestLLImporter\BartCSV.cs" Description="File successfully backed up as C:\LRS\C#\TestLLImporter\Backup\TestLLImporter\BartCSV.cs">
</Event><Event ErrorLevel="0" Project="TestLLImporter" Source="TestLLImporter\BartSqlCommandWithLogging.cs" Description="File successfully backed up as C:\LRS\C#\TestLLImporter\Backup\TestLLImporter\BartSqlCommandWithLogging.cs">
</Event><Event ErrorLevel="0" Project="TestLLImporter" Source="TestLLImporter\LLImporterProxy.cs" Description="File successfully backed up as C:\LRS\C#\TestLLImporter\Backup\TestLLImporter\LLImporterProxy.cs">
</Event><Event ErrorLevel="0" Project="TestLLImporter" Source="TestLLImporter\LLWS1.cs" Description="File successfully backed up as C:\LRS\C#\TestLLImporter\Backup\TestLLImporter\LLWS1.cs">
</Event><Event ErrorLevel="0" Project="TestLLImporter" Source="TestLLImporter\TestLLImporter.cs" Description="File successfully backed up as C:\LRS\C#\TestLLImporter\Backup\TestLLImporter\TestLLImporter.cs">
</Event><Event ErrorLevel="0" Project="TestLLImporter" Source="TestLLImporter\TestLLImporter.Designer.cs" Description="File successfully backed up as C:\LRS\C#\TestLLImporter\Backup\TestLLImporter\TestLLImporter.Designer.cs">
</Event><Event ErrorLevel="0" Project="TestLLImporter" Source="TestLLImporter\Program.cs" Description="File successfully backed up as C:\LRS\C#\TestLLImporter\Backup\TestLLImporter\Program.cs">
</Event><Event ErrorLevel="0" Project="TestLLImporter" Source="TestLLImporter\Properties\AssemblyInfo.cs" Description="File successfully backed up as C:\LRS\C#\TestLLImporter\Backup\TestLLImporter\Properties\AssemblyInfo.cs">
</Event><Event ErrorLevel="0" Project="TestLLImporter" Source="TestLLImporter\Properties\Resources.Designer.cs" Description="File successfully backed up as C:\LRS\C#\TestLLImporter\Backup\TestLLImporter\Properties\Resources.Designer.cs">
</Event><Event ErrorLevel="0" Project="TestLLImporter" Source="TestLLImporter\Properties\Settings.Designer.cs" Description="File successfully backed up as C:\LRS\C#\TestLLImporter\Backup\TestLLImporter\Properties\Settings.Designer.cs">
</Event><Event ErrorLevel="0" Project="TestLLImporter" Source="TestLLImporter\WsCallPlugin.cs" Description="File successfully backed up as C:\LRS\C#\TestLLImporter\Backup\TestLLImporter\WsCallPlugin.cs">
</Event><Event ErrorLevel="0" Project="TestLLImporter" Source="TestLLImporter\WsCcLeads.cs" Description="File successfully backed up as C:\LRS\C#\TestLLImporter\Backup\TestLLImporter\WsCcLeads.cs">
</Event><Event ErrorLevel="0" Project="TestLLImporter" Source="TestLLImporter\Properties\Settings.settings" Description="File successfully backed up as C:\LRS\C#\TestLLImporter\Backup\TestLLImporter\Properties\Settings.settings">
</Event><Event ErrorLevel="0" Project="TestLLImporter" Source="TestLLImporter\TestLLImporter_TemporaryKey.pfx" Description="File successfully backed up as C:\LRS\C#\TestLLImporter\Backup\TestLLImporter\TestLLImporter_TemporaryKey.pfx">
</Event><Event ErrorLevel="0" Project="TestLLImporter" Source="TestLLImporter\Properties\Resources.resx" Description="File successfully backed up as C:\LRS\C#\TestLLImporter\Backup\TestLLImporter\Properties\Resources.resx">
</Event><Event ErrorLevel="0" Project="TestLLImporter" Source="TestLLImporter\TestLLImporter.resx" Description="File successfully backed up as C:\LRS\C#\TestLLImporter\Backup\TestLLImporter\TestLLImporter.resx">
</Event><Event ErrorLevel="0" Project="TestLLImporter" Source="TestLLImporter\TestLLImporter.csproj" Description="Project converted successfully">
</Event><Event ErrorLevel="3" Project="TestLLImporter" Source="TestLLImporter\TestLLImporter.csproj" Description="Converted">
</Event><Event ErrorLevel="1" Project="LLImporterSProc" Source="..\LLImporterSProc\LLImporterSProc\LLImporterSProc.csproj" Description="Warning: The project file is being backed up to a relative path that differs from the original solution relative path.  The difference in folder hierarchy may create problems in opening or building the backed up solution and project.">
</Event><Event ErrorLevel="2" Project="LLImporterSProc" Source="..\LLImporterSProc\LLImporterSProc\LLImporterSProc.csproj" Description="Unable to open project file to perform upgrade.  ">
</Event><Event ErrorLevel="1" Project="LLImporter" Source="ftp://ftp.leadslightning.com/LeadsLightningWS/LLImporter" Description="Warning: The project file is being backed up to a relative path that differs from the original solution relative path.  The difference in folder hierarchy may create problems in opening or building the backed up solution and project.">
</Event><Event ErrorLevel="2" Project="ftp://ftp.leadslightning.com/LeadsLightningWS/LLImporter" Source="ftp://ftp.leadslightning.com/LeadsLightningWS/LLImporter" Description="ERROR: Failed to back up Web site ftp://ftp.leadslightning.com/LeadsLightningWS/LLImporter">
</Event><Event ErrorLevel="1" Project="" Source="..\..\..\Documents and Settings\larrys\My Documents\Visual Studio 2005\WebSites\" Description="Warning: The project file is being backed up to a relative path that differs from the original solution relative path.  The difference in folder hierarchy may create problems in opening or building the backed up solution and project.">
</Event><Event ErrorLevel="2" Project="C:\Documents and Settings\larrys\My Documents\Visual Studio 2005\WebSites\" Source="..\..\..\Documents and Settings\larrys\My Documents\Visual Studio 2005\WebSites\" Description="ERROR: Failed to back up Web site C:\Documents and Settings\larrys\My Documents\Visual Studio 2005\WebSites\">
</Event><Event ErrorLevel="0" Project="" Source="TestLLImporter.sln" Description="Solution converted successfully">
</Event><Event ErrorLevel="3" Project="" Source="TestLLImporter.sln" Description="Converted">
</Event><Event ErrorLevel="0" Project="TestLLImporter" Source="TestLLImporter\TestLLImporter.csproj" Description="Scan complete: Upgrade not required for project files.">
</Event></UpgradeLog>