<?xml version="1.0" encoding="UTF-8" standalone="no"?>
<!DOCTYPE score-partwise PUBLIC "-//Recordare//DTD MusicXML 3.0 Partwise//EN" "http://www.musicxml.org/dtds/partwise.dtd">
<score-partwise version="3.0">
  <movement-title>Rythm example 1</movement-title>
  <identification>
    <encoding>
      <software>Finale 2014.5 for Mac</software>
      <software>Dolet Light for Finale 2014.5</software>
      <encoding-date>2019-02-18</encoding-date>
      <supports attribute="new-system" element="print" type="yes" value="yes"/>
      <supports attribute="new-page" element="print" type="yes" value="yes"/>
      <supports element="accidental" type="yes"/>
      <supports element="beam" type="yes"/>
      <supports element="stem" type="yes"/>
    </encoding>
  </identification>
  <defaults>
    <scaling>
      <millimeters>6.0113</millimeters>
      <tenths>40</tenths>
    </scaling>
    <page-layout>
      <page-height>1859</page-height>
      <page-width>1437</page-width>
      <page-margins type="both">
        <left-margin>127</left-margin>
        <right-margin>127</right-margin>
        <top-margin>127</top-margin>
        <bottom-margin>127</bottom-margin>
      </page-margins>
    </page-layout>
    <system-layout>
      <system-margins>
        <left-margin>0</left-margin>
        <right-margin>0</right-margin>
      </system-margins>
      <system-distance>103</system-distance>
      <top-system-distance>60</top-system-distance>
    </system-layout>
    <appearance>
      <line-width type="stem">0.7487</line-width>
      <line-width type="beam">5</line-width>
      <line-width type="staff">0.7487</line-width>
      <line-width type="light barline">0.7487</line-width>
      <line-width type="heavy barline">5</line-width>
      <line-width type="leger">0.7487</line-width>
      <line-width type="ending">0.7487</line-width>
      <line-width type="wedge">0.7487</line-width>
      <line-width type="enclosure">0.7487</line-width>
      <line-width type="tuplet bracket">0.7487</line-width>
      <note-size type="grace">60</note-size>
      <note-size type="cue">60</note-size>
      <distance type="hyphen">120</distance>
      <distance type="beam">8</distance>
    </appearance>
    <music-font font-family="Maestro,engraved" font-size="17"/>
    <word-font font-family="Times New Roman" font-size="8.5"/>
  </defaults>
  <credit page="1">
    <credit-words default-x="127" default-y="1728" valign="top">Score</credit-words>
  </credit>
  <part-list>
    <score-part id="P1">
      <part-name>Violin I</part-name>
      <part-abbreviation>Vio1</part-abbreviation>
      <score-instrument id="P1-I1">
        <instrument-name>Violin</instrument-name>
      </score-instrument>
      <midi-instrument id="P1-I1">
        <midi-channel>1</midi-channel>
        <midi-program>41</midi-program>
        <volume>78</volume>
        <pan>0</pan>
      </midi-instrument>
    </score-part>
  </part-list>
  <!--=========================================================-->
  <part id="P1">
    <measure number="1" width="181">
      <print>
        <page-layout>
          <page-height>1859</page-height>
          <page-width>1437</page-width>
          <page-margins>
            <left-margin>127</left-margin>
            <right-margin>127</right-margin>
            <top-margin>127</top-margin>
            <bottom-margin>63</bottom-margin>
          </page-margins>
        </page-layout>
        <system-layout>
          <system-margins>
            <left-margin>124</left-margin>
            <right-margin>0</right-margin>
          </system-margins>
          <top-system-distance>198</top-system-distance>
        </system-layout>
        <measure-numbering>system</measure-numbering>
      </print>
      <attributes>
        <divisions>1024</divisions>
        <key>
          <fifths>0</fifths>
          <mode>major</mode>
        </key>
        <time symbol="common">
          <beats>4</beats>
          <beat-type>4</beat-type>
        </time>
        <clef>
          <sign>G</sign>
          <line>2</line>
        </clef>
        <staff-details>
          <staff-size>110</staff-size>
        </staff-details>
      </attributes>
      <sound tempo="120"/>
      <note default-x="88">
        <pitch>
          <step>C</step>
          <octave>5</octave>
        </pitch>
        <duration>4096</duration>
        <voice>1</voice>
        <type>whole</type>
      </note>
    </measure>
    <!--=======================================================-->
    <measure number="2" width="149">
      <note default-x="14">
        <pitch>
          <step>C</step>
          <octave>5</octave>
        </pitch>
        <duration>2048</duration>
        <voice>1</voice>
        <type>half</type>
        <stem default-y="-55.5">down</stem>
      </note>
      <note default-x="70">
        <pitch>
          <step>C</step>
          <octave>5</octave>
        </pitch>
        <duration>1024</duration>
        <voice>1</voice>
        <type>quarter</type>
        <stem default-y="-55.5">down</stem>
      </note>
      <note default-x="105">
        <pitch>
          <step>C</step>
          <octave>5</octave>
        </pitch>
        <duration>512</duration>
        <voice>1</voice>
        <type>eighth</type>
        <stem default-y="-55">down</stem>
        <beam number="1">begin</beam>
      </note>
      <note default-x="127">
        <pitch>
          <step>C</step>
          <octave>5</octave>
        </pitch>
        <duration>512</duration>
        <voice>1</voice>
        <type>eighth</type>
        <stem default-y="-55">down</stem>
        <beam number="1">end</beam>
      </note>
    </measure>
    <!--=======================================================-->
    <measure number="3" width="202">
      <attributes>
        <time>
          <beats>3</beats>
          <beat-type>8</beat-type>
        </time>
      </attributes>
      <note default-x="45">
        <pitch>
          <step>C</step>
          <octave>5</octave>
        </pitch>
        <duration>256</duration>
        <voice>1</voice>
        <type>16th</type>
        <stem default-y="-63">down</stem>
        <beam number="1">begin</beam>
        <beam number="2">begin</beam>
      </note>
      <note default-x="65">
        <pitch>
          <step>C</step>
          <octave>5</octave>
        </pitch>
        <duration>256</duration>
        <voice>1</voice>
        <type>16th</type>
        <stem default-y="-63">down</stem>
        <beam number="1">continue</beam>
        <beam number="2">continue</beam>
      </note>
      <note default-x="84">
        <pitch>
          <step>C</step>
          <octave>5</octave>
        </pitch>
        <duration>256</duration>
        <voice>1</voice>
        <type>16th</type>
        <stem default-y="-63">down</stem>
        <beam number="1">continue</beam>
        <beam number="2">continue</beam>
      </note>
      <note default-x="104">
        <pitch>
          <step>C</step>
          <octave>5</octave>
        </pitch>
        <duration>256</duration>
        <voice>1</voice>
        <type>16th</type>
        <stem default-y="-63">down</stem>
        <beam number="1">continue</beam>
        <beam number="2">continue</beam>
      </note>
      <note default-x="123">
        <pitch>
          <step>C</step>
          <octave>5</octave>
        </pitch>
        <duration>128</duration>
        <voice>1</voice>
        <type>32nd</type>
        <stem default-y="-63">down</stem>
        <beam number="1">continue</beam>
        <beam number="2">continue</beam>
        <beam number="3">begin</beam>
      </note>
      <note default-x="142">
        <pitch>
          <step>C</step>
          <octave>5</octave>
        </pitch>
        <duration>128</duration>
        <voice>1</voice>
        <type>32nd</type>
        <stem default-y="-63">down</stem>
        <beam number="1">continue</beam>
        <beam number="2">continue</beam>
        <beam number="3">continue</beam>
      </note>
      <note default-x="162">
        <pitch>
          <step>C</step>
          <octave>5</octave>
        </pitch>
        <duration>128</duration>
        <voice>1</voice>
        <type>32nd</type>
        <stem default-y="-63">down</stem>
        <beam number="1">continue</beam>
        <beam number="2">continue</beam>
        <beam number="3">continue</beam>
      </note>
      <note default-x="182">
        <pitch>
          <step>C</step>
          <octave>5</octave>
        </pitch>
        <duration>128</duration>
        <voice>1</voice>
        <type>32nd</type>
        <stem default-y="-63">down</stem>
        <beam number="1">end</beam>
        <beam number="2">end</beam>
        <beam number="3">end</beam>
      </note>
    </measure>
    <!--=======================================================-->
    <measure number="4" width="202">
      <attributes>
        <time>
          <beats>1</beats>
          <beat-type>8</beat-type>
        </time>
      </attributes>
      <note default-x="45">
        <pitch>
          <step>B</step>
          <octave>4</octave>
        </pitch>
        <duration>64</duration>
        <voice>1</voice>
        <type>64th</type>
        <stem default-y="33">up</stem>
        <beam number="1">begin</beam>
        <beam number="2">begin</beam>
        <beam number="3">begin</beam>
        <beam number="4">begin</beam>
      </note>
      <note default-x="65">
        <pitch>
          <step>B</step>
          <octave>4</octave>
        </pitch>
        <duration>64</duration>
        <voice>1</voice>
        <type>64th</type>
        <stem default-y="33">up</stem>
        <beam number="1">continue</beam>
        <beam number="2">continue</beam>
        <beam number="3">continue</beam>
        <beam number="4">continue</beam>
      </note>
      <note default-x="84">
        <pitch>
          <step>B</step>
          <octave>4</octave>
        </pitch>
        <duration>64</duration>
        <voice>1</voice>
        <type>64th</type>
        <stem default-y="33">up</stem>
        <beam number="1">continue</beam>
        <beam number="2">continue</beam>
        <beam number="3">continue</beam>
        <beam number="4">continue</beam>
      </note>
      <note default-x="103">
        <pitch>
          <step>B</step>
          <octave>4</octave>
        </pitch>
        <duration>64</duration>
        <voice>1</voice>
        <type>64th</type>
        <stem default-y="33">up</stem>
        <beam number="1">continue</beam>
        <beam number="2">continue</beam>
        <beam number="3">continue</beam>
        <beam number="4">continue</beam>
      </note>
      <note default-x="123">
        <pitch>
          <step>B</step>
          <octave>4</octave>
        </pitch>
        <duration>64</duration>
        <voice>1</voice>
        <type>64th</type>
        <stem default-y="33">up</stem>
        <beam number="1">continue</beam>
        <beam number="2">continue</beam>
        <beam number="3">continue</beam>
        <beam number="4">continue</beam>
      </note>
      <note default-x="143">
        <pitch>
          <step>B</step>
          <octave>4</octave>
        </pitch>
        <duration>64</duration>
        <voice>1</voice>
        <type>64th</type>
        <stem default-y="33">up</stem>
        <beam number="1">continue</beam>
        <beam number="2">continue</beam>
        <beam number="3">continue</beam>
        <beam number="4">continue</beam>
      </note>
      <note default-x="162">
        <pitch>
          <step>B</step>
          <octave>4</octave>
        </pitch>
        <duration>64</duration>
        <voice>1</voice>
        <type>64th</type>
        <stem default-y="33">up</stem>
        <beam number="1">continue</beam>
        <beam number="2">continue</beam>
        <beam number="3">continue</beam>
        <beam number="4">continue</beam>
      </note>
      <note default-x="181">
        <pitch>
          <step>B</step>
          <octave>4</octave>
        </pitch>
        <duration>64</duration>
        <voice>1</voice>
        <type>64th</type>
        <stem default-y="33">up</stem>
        <beam number="1">end</beam>
        <beam number="2">end</beam>
        <beam number="3">end</beam>
        <beam number="4">end</beam>
      </note>
    </measure>
    <!--=======================================================-->
    <measure number="5" width="169">
      <attributes>
        <time>
          <beats>6</beats>
          <beat-type>4</beat-type>
        </time>
      </attributes>
      <note default-x="47">
        <pitch>
          <step>C</step>
          <octave>5</octave>
        </pitch>
        <duration>6144</duration>
        <voice>1</voice>
        <type>whole</type>
        <dot/>
      </note>
    </measure>
    <!--=======================================================-->
    <measure number="6" width="156">
      <attributes>
        <time>
          <beats>3</beats>
          <beat-type>4</beat-type>
        </time>
      </attributes>
      <note default-x="47">
        <pitch>
          <step>C</step>
          <octave>5</octave>
        </pitch>
        <duration>3072</duration>
        <voice>1</voice>
        <type>half</type>
        <dot/>
        <stem default-y="-55.5">down</stem>
      </note>
    </measure>
    <!--=======================================================-->
    <measure number="7" width="215">
      <print new-system="yes">
        <system-layout>
          <system-distance>111</system-distance>
        </system-layout>
      </print>
      <attributes>
        <time>
          <beats>2</beats>
          <beat-type>4</beat-type>
        </time>
      </attributes>
      <note default-x="88">
        <pitch>
          <step>C</step>
          <octave>5</octave>
        </pitch>
        <duration>1536</duration>
        <voice>1</voice>
        <type>quarter</type>
        <dot/>
        <stem default-y="-55.5">down</stem>
      </note>
      <note default-x="174">
        <pitch>
          <step>C</step>
          <octave>5</octave>
        </pitch>
        <duration>512</duration>
        <voice>1</voice>
        <type>eighth</type>
        <stem default-y="-55.5">down</stem>
      </note>
    </measure>
    <!--=======================================================-->
    <measure number="8" width="221">
      <attributes>
        <time>
          <beats>3</beats>
          <beat-type>8</beat-type>
        </time>
      </attributes>
      <note default-x="45">
        <pitch>
          <step>C</step>
          <octave>5</octave>
        </pitch>
        <duration>768</duration>
        <voice>1</voice>
        <type>eighth</type>
        <dot/>
        <stem default-y="-55">down</stem>
        <beam number="1">begin</beam>
      </note>
      <note default-x="119">
        <pitch>
          <step>C</step>
          <octave>5</octave>
        </pitch>
        <duration>256</duration>
        <voice>1</voice>
        <type>16th</type>
        <stem default-y="-55">down</stem>
        <beam number="1">end</beam>
        <beam number="2">backward hook</beam>
      </note>
      <note default-x="153">
        <pitch>
          <step>C</step>
          <octave>5</octave>
        </pitch>
        <duration>384</duration>
        <voice>1</voice>
        <type>16th</type>
        <dot/>
        <stem default-y="-63">down</stem>
        <beam number="1">begin</beam>
        <beam number="2">begin</beam>
      </note>
      <note default-x="199">
        <pitch>
          <step>C</step>
          <octave>5</octave>
        </pitch>
        <duration>128</duration>
        <voice>1</voice>
        <type>32nd</type>
        <stem default-y="-63">down</stem>
        <beam number="1">end</beam>
        <beam number="2">end</beam>
        <beam number="3">backward hook</beam>
      </note>
    </measure>
    <!--=======================================================-->
    <measure number="9" width="224">
      <note default-x="13">
        <pitch>
          <step>C</step>
          <octave>5</octave>
        </pitch>
        <duration>341</duration>
        <voice>1</voice>
        <type>eighth</type>
        <time-modification>
          <actual-notes>3</actual-notes>
          <normal-notes>2</normal-notes>
        </time-modification>
        <stem default-y="-55">down</stem>
        <beam number="1">begin</beam>
        <notations>
          <tuplet number="1" placement="below" type="start"/>
        </notations>
      </note>
      <note default-x="57">
        <pitch>
          <step>C</step>
          <octave>5</octave>
        </pitch>
        <duration>342</duration>
        <voice>1</voice>
        <type>eighth</type>
        <time-modification>
          <actual-notes>3</actual-notes>
          <normal-notes>2</normal-notes>
        </time-modification>
        <stem default-y="-55">down</stem>
        <beam number="1">continue</beam>
      </note>
      <note default-x="100">
        <pitch>
          <step>C</step>
          <octave>5</octave>
        </pitch>
        <duration>341</duration>
        <voice>1</voice>
        <type>eighth</type>
        <time-modification>
          <actual-notes>3</actual-notes>
          <normal-notes>2</normal-notes>
        </time-modification>
        <stem default-y="-55">down</stem>
        <beam number="1">continue</beam>
        <notations>
          <tuplet number="1" type="stop"/>
        </notations>
      </note>
      <note default-x="144">
        <pitch>
          <step>C</step>
          <octave>5</octave>
        </pitch>
        <duration>171</duration>
        <voice>1</voice>
        <type>16th</type>
        <time-modification>
          <actual-notes>3</actual-notes>
          <normal-notes>2</normal-notes>
        </time-modification>
        <stem default-y="-55">down</stem>
        <beam number="1">continue</beam>
        <beam number="2">begin</beam>
        <notations>
          <tuplet number="1" placement="below" type="start"/>
        </notations>
      </note>
      <note default-x="170">
        <pitch>
          <step>C</step>
          <octave>5</octave>
        </pitch>
        <duration>170</duration>
        <voice>1</voice>
        <type>16th</type>
        <time-modification>
          <actual-notes>3</actual-notes>
          <normal-notes>2</normal-notes>
        </time-modification>
        <stem default-y="-55">down</stem>
        <beam number="1">continue</beam>
        <beam number="2">continue</beam>
      </note>
      <note default-x="197">
        <pitch>
          <step>C</step>
          <octave>5</octave>
        </pitch>
        <duration>171</duration>
        <voice>1</voice>
        <type>16th</type>
        <time-modification>
          <actual-notes>3</actual-notes>
          <normal-notes>2</normal-notes>
        </time-modification>
        <stem default-y="-55">down</stem>
        <beam number="1">end</beam>
        <beam number="2">end</beam>
        <notations>
          <tuplet number="1" type="stop"/>
        </notations>
      </note>
    </measure>
    <!--=======================================================-->
    <measure number="10" width="228">
      <note default-x="13">
        <pitch>
          <step>C</step>
          <octave>5</octave>
        </pitch>
        <duration>205</duration>
        <voice>1</voice>
        <type>16th</type>
        <time-modification>
          <actual-notes>5</actual-notes>
          <normal-notes>4</normal-notes>
        </time-modification>
        <stem default-y="-55">down</stem>
        <beam number="1">begin</beam>
        <beam number="2">begin</beam>
        <notations>
          <tuplet number="1" placement="below" type="start"/>
        </notations>
      </note>
      <note default-x="45">
        <pitch>
          <step>C</step>
          <octave>5</octave>
        </pitch>
        <duration>205</duration>
        <voice>1</voice>
        <type>16th</type>
        <time-modification>
          <actual-notes>5</actual-notes>
          <normal-notes>4</normal-notes>
        </time-modification>
        <stem default-y="-55">down</stem>
        <beam number="1">continue</beam>
        <beam number="2">continue</beam>
      </note>
      <note default-x="76">
        <pitch>
          <step>C</step>
          <octave>5</octave>
        </pitch>
        <duration>204</duration>
        <voice>1</voice>
        <type>16th</type>
        <time-modification>
          <actual-notes>5</actual-notes>
          <normal-notes>4</normal-notes>
        </time-modification>
        <stem default-y="-55">down</stem>
        <beam number="1">continue</beam>
        <beam number="2">continue</beam>
      </note>
      <note default-x="106">
        <pitch>
          <step>C</step>
          <octave>5</octave>
        </pitch>
        <duration>205</duration>
        <voice>1</voice>
        <type>16th</type>
        <time-modification>
          <actual-notes>5</actual-notes>
          <normal-notes>4</normal-notes>
        </time-modification>
        <stem default-y="-55">down</stem>
        <beam number="1">continue</beam>
        <beam number="2">continue</beam>
      </note>
      <note default-x="137">
        <pitch>
          <step>C</step>
          <octave>5</octave>
        </pitch>
        <duration>205</duration>
        <voice>1</voice>
        <type>16th</type>
        <time-modification>
          <actual-notes>5</actual-notes>
          <normal-notes>4</normal-notes>
        </time-modification>
        <stem default-y="-55">down</stem>
        <beam number="1">continue</beam>
        <beam number="2">end</beam>
        <notations>
          <tuplet number="1" type="stop"/>
        </notations>
      </note>
      <note default-x="169">
        <pitch>
          <step>C</step>
          <octave>5</octave>
        </pitch>
        <duration>512</duration>
        <voice>1</voice>
        <type>eighth</type>
        <stem default-y="-55">down</stem>
        <beam number="1">end</beam>
      </note>
    </measure>
    <!--=======================================================-->
    <measure number="11" width="295">
      <note default-x="14">
        <pitch>
          <step>C</step>
          <octave>5</octave>
        </pitch>
        <duration>512</duration>
        <voice>1</voice>
        <type>eighth</type>
        <stem default-y="-55">down</stem>
        <beam number="1">begin</beam>
      </note>
      <note default-x="84">
        <pitch>
          <step>C</step>
          <octave>5</octave>
        </pitch>
        <duration>146</duration>
        <voice>1</voice>
        <type>16th</type>
        <time-modification>
          <actual-notes>7</actual-notes>
          <normal-notes>4</normal-notes>
        </time-modification>
        <stem default-y="-55">down</stem>
        <beam number="1">continue</beam>
        <beam number="2">begin</beam>
        <notations>
          <tuplet number="1" placement="below" type="start"/>
        </notations>
      </note>
      <note default-x="114">
        <pitch>
          <step>C</step>
          <octave>5</octave>
        </pitch>
        <duration>147</duration>
        <voice>1</voice>
        <type>16th</type>
        <time-modification>
          <actual-notes>7</actual-notes>
          <normal-notes>4</normal-notes>
        </time-modification>
        <stem default-y="-55">down</stem>
        <beam number="1">continue</beam>
        <beam number="2">continue</beam>
      </note>
      <note default-x="144">
        <pitch>
          <step>C</step>
          <octave>5</octave>
        </pitch>
        <duration>146</duration>
        <voice>1</voice>
        <type>16th</type>
        <time-modification>
          <actual-notes>7</actual-notes>
          <normal-notes>4</normal-notes>
        </time-modification>
        <stem default-y="-55">down</stem>
        <beam number="1">continue</beam>
        <beam number="2">continue</beam>
      </note>
      <note default-x="174">
        <pitch>
          <step>C</step>
          <octave>5</octave>
        </pitch>
        <duration>146</duration>
        <voice>1</voice>
        <type>16th</type>
        <time-modification>
          <actual-notes>7</actual-notes>
          <normal-notes>4</normal-notes>
        </time-modification>
        <stem default-y="-55">down</stem>
        <beam number="1">continue</beam>
        <beam number="2">continue</beam>
      </note>
      <note default-x="204">
        <pitch>
          <step>C</step>
          <octave>5</octave>
        </pitch>
        <duration>146</duration>
        <voice>1</voice>
        <type>16th</type>
        <time-modification>
          <actual-notes>7</actual-notes>
          <normal-notes>4</normal-notes>
        </time-modification>
        <stem default-y="-55">down</stem>
        <beam number="1">continue</beam>
        <beam number="2">continue</beam>
      </note>
      <note default-x="234">
        <pitch>
          <step>C</step>
          <octave>5</octave>
        </pitch>
        <duration>147</duration>
        <voice>1</voice>
        <type>16th</type>
        <time-modification>
          <actual-notes>7</actual-notes>
          <normal-notes>4</normal-notes>
        </time-modification>
        <stem default-y="-55">down</stem>
        <beam number="1">continue</beam>
        <beam number="2">continue</beam>
      </note>
      <note default-x="264">
        <pitch>
          <step>C</step>
          <octave>5</octave>
        </pitch>
        <duration>146</duration>
        <voice>1</voice>
        <type>16th</type>
        <time-modification>
          <actual-notes>7</actual-notes>
          <normal-notes>4</normal-notes>
        </time-modification>
        <stem default-y="-55">down</stem>
        <beam number="1">end</beam>
        <beam number="2">end</beam>
        <notations>
          <tuplet number="1" type="stop"/>
        </notations>
      </note>
    </measure>
  </part>
  <!--=========================================================-->
</score-partwise>
