﻿<?xml version="1.0" encoding="UTF-8" standalone="no"?>
<!DOCTYPE score-partwise PUBLIC "-//Recordare//DTD MusicXML 3.0 Partwise//EN" "http://www.musicxml.org/dtds/partwise.dtd"[]>
<score-partwise version="3.0">
  <movement-title>in put passage</movement-title>
  <identification>
    <rights>©</rights>
    <encoding>
      <software>Finale 2014.5 for Mac</software>
      <software>Dolet Light for Finale 2014.5</software>
      <encoding-date>2019-02-22</encoding-date>
      <supports attribute="new-system" element="print" type="yes" value="yes" />
      <supports attribute="new-page" element="print" type="yes" value="yes" />
      <supports element="accidental" type="yes" />
      <supports element="beam" type="yes" />
      <supports element="stem" type="yes" />
    </encoding>
  </identification>
  <defaults>
    <scaling>
      <millimeters>7.2319</millimeters>
      <tenths>40</tenths>
    </scaling>
    <page-layout>
      <page-height>1545</page-height>
      <page-width>1194</page-width>
      <page-margins type="both">
        <left-margin>140</left-margin>
        <right-margin>70</right-margin>
        <top-margin>70</top-margin>
        <bottom-margin>70</bottom-margin>
      </page-margins>
    </page-layout>
    <system-layout>
      <system-margins>
        <left-margin>0</left-margin>
        <right-margin>0</right-margin>
      </system-margins>
      <system-distance>121</system-distance>
      <top-system-distance>70</top-system-distance>
    </system-layout>
    <appearance>
      <line-width type="stem">0.7487</line-width>
      <line-width type="beam">5</line-width>
      <line-width type="staff">0.7487</line-width>
      <line-width type="light barline">0.7487</line-width>
      <line-width type="heavy barline">5</line-width>
      <line-width type="leger">0.7487</line-width>
      <line-width type="ending">0.7487</line-width>
      <line-width type="wedge">0.7487</line-width>
      <line-width type="enclosure">0.7487</line-width>
      <line-width type="tuplet bracket">0.7487</line-width>
      <note-size type="grace">60</note-size>
      <note-size type="cue">60</note-size>
      <distance type="hyphen">120</distance>
      <distance type="beam">8</distance>
    </appearance>
    <music-font font-family="Maestro,engraved" font-size="20.5" />
    <word-font font-family="Times New Roman" font-size="10.25" />
  </defaults>
  <credit page="1">
    <credit-type>title</credit-type>
    <credit-words default-x="632" default-y="1475" font-size="24" justify="center" valign="top">in put passage</credit-words>
  </credit>
  <credit page="1">
    <credit-type>rights</credit-type>
    <credit-words default-x="632" default-y="53" font-size="10" justify="center" valign="bottom">©</credit-words>
  </credit>
  <credit page="1">
    <credit-words default-x="140" default-y="1478" font-size="12" valign="top">Score</credit-words>
  </credit>
  <part-list>
    <score-part id="P1">
      <part-name>Violin</part-name>
      <part-abbreviation>Vln.</part-abbreviation>
      <score-instrument id="P1-I1">
        <instrument-name>ARIA Player</instrument-name>
        <instrument-sound>strings.violin</instrument-sound>
        <solo />
        <virtual-instrument>
          <virtual-library>Garritan Instruments for Finale</virtual-library>
          <virtual-name>007. Solo Strings/1. Violin/Violin Solo KS 1</virtual-name>
        </virtual-instrument>
      </score-instrument>
      <midi-device>Bank 1</midi-device>
      <midi-instrument id="P1-I1">
        <midi-channel>1</midi-channel>
        <midi-program>1</midi-program>
        <volume>80</volume>
        <pan>0</pan>
      </midi-instrument>
    </score-part>
  </part-list>
  <!--=========================================================-->
  <part id="P1">
    <measure number="1" width="318">
      <print>
        <system-layout>
          <system-margins>
            <left-margin>70</left-margin>
            <right-margin>0</right-margin>
          </system-margins>
          <top-system-distance>177</top-system-distance>
        </system-layout>
        <measure-numbering>system</measure-numbering>
      </print>
      <attributes>
        <divisions>2</divisions>
        <key>
          <fifths>3</fifths>
          <mode>major</mode>
        </key>
        <time>
          <beats>5</beats>
          <beat-type>8</beat-type>
        </time>
        <clef>
          <sign>G</sign>
          <line>2</line>
        </clef>
      </attributes>
      <sound tempo="120" />
      <note default-x="135">
        <pitch>
          <step>A</step>
          <octave>3</octave>
        </pitch>
        <duration>18</duration>
        <voice>1</voice>
        <type>eighth</type>
        <stem default-y="-20">up</stem>
        <beam number="1">begin</beam>
      </note>
      <note default-x="159">
        <pitch>
          <step>G</step>
          <alter>1</alter>
          <octave>3</octave>
        </pitch>
        <duration>6</duration>
        <voice>1</voice>
        <type>16th</type>
        <stem default-y="-19">up</stem>
        <beam number="1">continue</beam>
      </note>
      <note default-x="182">
        <pitch>
          <step>A</step>
          <octave>3</octave>
        </pitch>
        <duration>18</duration>
        <voice>1</voice>
        <type>eighth</type>
        <stem default-y="-18">up</stem>
        <beam number="1">continue</beam>
      </note>
      <note default-x="206">
        <pitch>
          <step>B</step>
          <octave>3</octave>
        </pitch>
        <duration>6</duration>
        <voice>1</voice>
        <type>16th</type>
        <stem default-y="-17">up</stem>
        <beam number="1">end</beam>
      </note>
      <note default-x="230">
        <pitch>
          <step>C</step>
          <alter>1</alter>
          <octave>4</octave>
        </pitch>
        <duration>6</duration>
        <voice>1</voice>
        <type>16th</type>
        <stem default-y="-10">up</stem>
        <beam number="1">begin</beam>
      </note>
      <note default-x="252">
        <pitch>
          <step>D</step>
          <octave>4</octave>
        </pitch>
        <duration>6</duration>
        <voice>1</voice>
        <type>16th</type>
        <stem default-y="-9">up</stem>
        <beam number="1">continue</beam>
      </note>
    </measure>
    <!--========================================================-->
    <measure number="2" LRStime="6:29:47 PM">
      <note default-x="274">
        <pitch>
          <step>E</step>
          <octave>4</octave>
        </pitch>
        <duration>18</duration>
        <voice>1</voice>
        <type>eighth</type>
        <stem default-y="-8">up</stem>
        <beam number="1">continue</beam>
      </note>
      <note default-x="295">
        <pitch>
          <step>F</step>
          <alter>1</alter>
          <octave>4</octave>
        </pitch>
        <duration>6</duration>
        <voice>1</voice>
        <type>16th</type>
        <stem default-y="-7.5">up</stem>
        <beam number="1">end</beam>
      </note>
      <note default-x="13">
        <pitch>
          <step>G</step>
          <alter>1</alter>
          <octave>4</octave>
        </pitch>
        <duration>18</duration>
        <voice>1</voice>
        <type>eighth</type>
        <stem default-y="15">up</stem>
        <beam number="1">begin</beam>
      </note>
      <note default-x="35">
        <pitch>
          <step>A</step>
          <octave>4</octave>
        </pitch>
        <duration>6</duration>
        <voice>1</voice>
        <type>16th</type>
        <stem default-y="17">up</stem>
        <beam number="1">continue</beam>
      </note>
      <note default-x="57">
        <pitch>
          <step>B</step>
          <octave>4</octave>
        </pitch>
        <duration>6</duration>
        <voice>1</voice>
        <type>16th</type>
        <stem default-y="18">up</stem>
        <beam number="1">continue</beam>
      </note>
      <note default-x="79">
        <pitch>
          <step>C</step>
          <alter>1</alter>
          <octave>5</octave>
        </pitch>
        <duration>6</duration>
        <voice>1</voice>
        <type>16th</type>
        <stem default-y="20">up</stem>
        <beam number="1">end</beam>
      </note>
    </measure>
    <!--========================================================-->
    <measure number="3" LRStime="6:29:47 PM">
      <note default-x="100">
        <pitch>
          <step>D</step>
          <octave>5</octave>
        </pitch>
        <duration>18</duration>
        <voice>1</voice>
        <type>eighth</type>
        <stem default-y="-45">down</stem>
        <beam number="1">begin</beam>
      </note>
      <note default-x="122">
        <pitch>
          <step>E</step>
          <octave>5</octave>
        </pitch>
        <duration>6</duration>
        <voice>1</voice>
        <type>16th</type>
        <stem default-y="-43">down</stem>
        <beam number="1">continue</beam>
      </note>
      <note default-x="143">
        <pitch>
          <step>F</step>
          <alter>1</alter>
          <octave>5</octave>
        </pitch>
        <duration>18</duration>
        <voice>1</voice>
        <type>eighth</type>
        <stem default-y="-42">down</stem>
        <beam number="1">continue</beam>
      </note>
      <note default-x="165">
        <pitch>
          <step>G</step>
          <alter>1</alter>
          <octave>5</octave>
        </pitch>
        <duration>6</duration>
        <voice>1</voice>
        <type>16th</type>
        <stem default-y="-40">down</stem>
        <beam number="1">end</beam>
      </note>
      <note default-x="16">
        <pitch>
          <step>A</step>
          <octave>5</octave>
        </pitch>
        <duration>6</duration>
        <voice>1</voice>
        <type>16th</type>
        <stem default-y="-25">down</stem>
        <beam number="1">begin</beam>
      </note>
      <note default-x="40">
        <pitch>
          <step>B</step>
          <octave>5</octave>
        </pitch>
        <duration>6</duration>
        <voice>1</voice>
        <type>16th</type>
        <stem default-y="-24">down</stem>
        <beam number="1">continue</beam>
      </note>
    </measure>
    <!--========================================================-->
    <measure number="4" LRStime="6:29:47 PM">
      <note default-x="64">
        <pitch>
          <step>C</step>
          <alter>1</alter>
          <octave>6</octave>
        </pitch>
        <duration>18</duration>
        <voice>1</voice>
        <type>eighth</type>
        <stem default-y="-23">down</stem>
        <beam number="1">continue</beam>
      </note>
      <note default-x="88">
        <pitch>
          <step>D</step>
          <octave>6</octave>
        </pitch>
        <duration>6</duration>
        <voice>1</voice>
        <type>16th</type>
        <stem default-y="-23">down</stem>
        <beam number="1">end</beam>
      </note>
      <note default-x="112">
        <pitch>
          <step>E</step>
          <octave>6</octave>
        </pitch>
        <duration>18</duration>
        <voice>1</voice>
        <type>eighth</type>
        <stem default-y="-25">down</stem>
        <beam number="1">begin</beam>
      </note>
      <note default-x="135">
        <pitch>
          <step>F</step>
          <alter>1</alter>
          <octave>6</octave>
        </pitch>
        <duration>6</duration>
        <voice>1</voice>
        <type>16th</type>
        <stem default-y="-24">down</stem>
        <beam number="1">continue</beam>
      </note>
      <note default-x="159">
        <pitch>
          <step>G</step>
          <alter>1</alter>
          <octave>6</octave>
        </pitch>
        <duration>6</duration>
        <voice>1</voice>
        <type>16th</type>
        <stem default-y="-23">down</stem>
        <beam number="1">continue</beam>
      </note>
      <note default-x="183">
        <pitch>
          <step>A</step>
          <octave>6</octave>
        </pitch>
        <duration>6</duration>
        <voice>1</voice>
        <type>16th</type>
        <stem default-y="-23">down</stem>
        <beam number="1">end</beam>
      </note>
    </measure>
    <!--========================================================-->
    <measure number="5" LRStime="6:29:47 PM">
      <note default-x="16">
        <pitch>
          <step>G</step>
          <alter>1</alter>
          <octave>6</octave>
        </pitch>
        <duration>18</duration>
        <voice>1</voice>
        <type>eighth</type>
        <stem default-y="-20">down</stem>
        <beam number="1">begin</beam>
      </note>
      <note default-x="40">
        <pitch>
          <step>F</step>
          <alter>1</alter>
          <octave>6</octave>
        </pitch>
        <duration>6</duration>
        <voice>1</voice>
        <type>16th</type>
        <stem default-y="-21">down</stem>
        <beam number="1">continue</beam>
      </note>
      <note default-x="64">
        <pitch>
          <step>E</step>
          <octave>6</octave>
        </pitch>
        <duration>18</duration>
        <voice>1</voice>
        <type>eighth</type>
        <stem default-y="-22">down</stem>
        <beam number="1">continue</beam>
      </note>
      <note default-x="88">
        <pitch>
          <step>D</step>
          <octave>6</octave>
        </pitch>
        <duration>6</duration>
        <voice>1</voice>
        <type>16th</type>
        <stem default-y="-23">down</stem>
        <beam number="1">end</beam>
      </note>
      <note default-x="111">
        <pitch>
          <step>C</step>
          <alter>1</alter>
          <octave>6</octave>
        </pitch>
        <duration>6</duration>
        <voice>1</voice>
        <type>16th</type>
        <stem default-y="-20">down</stem>
        <beam number="1">begin</beam>
      </note>
      <note default-x="135">
        <pitch>
          <step>B</step>
          <octave>5</octave>
        </pitch>
        <duration>6</duration>
        <voice>1</voice>
        <type>16th</type>
        <stem default-y="-21">down</stem>
        <beam number="1">continue</beam>
      </note>
    </measure>
    <!--========================================================-->
    <measure number="6" LRStime="6:29:47 PM">
      <note default-x="159">
        <pitch>
          <step>A</step>
          <octave>5</octave>
        </pitch>
        <duration>18</duration>
        <voice>1</voice>
        <type>eighth</type>
        <stem default-y="-22">down</stem>
        <beam number="1">continue</beam>
      </note>
      <note default-x="181">
        <pitch>
          <step>G</step>
          <alter>1</alter>
          <octave>5</octave>
        </pitch>
        <duration>6</duration>
        <voice>1</voice>
        <type>16th</type>
        <stem default-y="-23">down</stem>
        <beam number="1">end</beam>
      </note>
      <note default-x="100">
        <pitch>
          <step>F</step>
          <alter>1</alter>
          <octave>5</octave>
        </pitch>
        <duration>18</duration>
        <voice>1</voice>
        <type>eighth</type>
        <stem default-y="-45">down</stem>
        <beam number="1">begin</beam>
      </note>
      <note default-x="153">
        <pitch>
          <step>E</step>
          <octave>5</octave>
        </pitch>
        <duration>6</duration>
        <voice>1</voice>
        <type>16th</type>
        <stem default-y="-46.5">down</stem>
        <beam number="1">continue</beam>
      </note>
      <note default-x="206">
        <pitch>
          <step>D</step>
          <octave>5</octave>
        </pitch>
        <duration>6</duration>
        <voice>1</voice>
        <type>16th</type>
        <stem default-y="-48">down</stem>
        <beam number="1">continue</beam>
      </note>
      <note default-x="258">
        <pitch>
          <step>C</step>
          <alter>1</alter>
          <octave>5</octave>
        </pitch>
        <duration>6</duration>
        <voice>1</voice>
        <type>16th</type>
        <stem default-y="-50">down</stem>
        <beam number="1">end</beam>
      </note>
    </measure>
    <!--========================================================-->
    <measure number="7" LRStime="6:29:47 PM">
      <note default-x="311">
        <pitch>
          <step>B</step>
          <octave>4</octave>
        </pitch>
        <duration>18</duration>
        <voice>1</voice>
        <type>eighth</type>
        <stem default-y="15">up</stem>
        <beam number="1">begin</beam>
      </note>
      <note default-x="364">
        <pitch>
          <step>A</step>
          <octave>4</octave>
        </pitch>
        <duration>6</duration>
        <voice>1</voice>
        <type>16th</type>
        <stem default-y="13.5">up</stem>
        <beam number="1">continue</beam>
      </note>
      <note default-x="417">
        <pitch>
          <step>G</step>
          <alter>1</alter>
          <octave>4</octave>
        </pitch>
        <duration>18</duration>
        <voice>1</voice>
        <type>eighth</type>
        <stem default-y="12">up</stem>
        <beam number="1">continue</beam>
      </note>
      <note default-x="469">
        <pitch>
          <step>F</step>
          <alter>1</alter>
          <octave>4</octave>
        </pitch>
        <duration>6</duration>
        <voice>1</voice>
        <type>16th</type>
        <stem default-y="10">up</stem>
        <beam number="1">end</beam>
      </note>
      <note default-x="13">
        <pitch>
          <step>E</step>
          <octave>4</octave>
        </pitch>
        <duration>6</duration>
        <voice>1</voice>
        <type>16th</type>
        <stem default-y="-5">up</stem>
        <beam number="1">begin</beam>
      </note>
      <note default-x="68">
        <pitch>
          <step>D</step>
          <octave>4</octave>
        </pitch>
        <duration>6</duration>
        <voice>1</voice>
        <type>16th</type>
        <stem default-y="-6">up</stem>
        <beam number="1">continue</beam>
      </note>
    </measure>
    <!--========================================================-->
    <measure number="8" LRStime="6:29:47 PM">
      <note default-x="123">
        <pitch>
          <step>C</step>
          <alter>1</alter>
          <octave>4</octave>
        </pitch>
        <duration>18</duration>
        <voice>1</voice>
        <type>eighth</type>
        <stem default-y="-6.5">up</stem>
        <beam number="1">continue</beam>
      </note>
      <note default-x="177">
        <pitch>
          <step>B</step>
          <octave>3</octave>
        </pitch>
        <duration>6</duration>
        <voice>1</voice>
        <type>16th</type>
        <stem default-y="-7">up</stem>
        <beam number="1">end</beam>
      </note>
      <note default-x="232">
        <pitch>
          <step>A</step>
          <octave>3</octave>
        </pitch>
        <duration>18</duration>
        <voice>1</voice>
        <type>eighth</type>
        <stem default-y="-15">up</stem>
        <beam number="1">begin</beam>
      </note>
      <note default-x="287">
        <pitch>
          <step>C</step>
          <alter>1</alter>
          <octave>4</octave>
        </pitch>
        <duration>6</duration>
        <voice>1</voice>
        <type>16th</type>
        <stem default-y="-15">up</stem>
        <beam number="1">continue</beam>
      </note>
      <note default-x="341">
        <pitch>
          <step>B</step>
          <octave>3</octave>
        </pitch>
        <duration>6</duration>
        <voice>1</voice>
        <type>16th</type>
        <stem default-y="-15">up</stem>
        <beam number="1">continue</beam>
      </note>
      <note default-x="396">
        <pitch>
          <step>A</step>
          <octave>3</octave>
        </pitch>
        <duration>6</duration>
        <voice>1</voice>
        <type>16th</type>
        <stem default-y="-15">up</stem>
        <beam number="1">end</beam>
      </note>
    </measure>
  </part>
  <!--=========================================================-->
</score-partwise>